Run #,tau_0_bas,tau_0_pris,tau_0_pyr,tau_0_twin,tau_1_bas,tau_1_pris,tau_1_pyr,theta_0_bas,theta_0_pris,theta_0_pyr,C45_R2,CND_R2,CRD_R2,CTD_R2,T45_R2,TRD_R2,TTD_R2,mean_R2,Objective Function
1,17.95933471,105.2451362,114.5745022,27.83207446,14.45821317,18.01943999,141.3115129,181.3406577,448.1268025,2152.85,-1.033781839,0.183238212,0.436312857,0.107026161,-0.388378468,-5.279940515,-0.5248158,-0.928619913,1.709124819
2,9.047684443,116.6436255,117.7871366,43.47257191,14.89962615,23.00610361,152.9129473,92.54352636,434.5291829,2247.15,-0.375227599,0.249429472,0.579066871,0.292062067,-1.099538547,-8.985848882,-0.590785619,-1.418691748,2.197049909
3,13.87515068,116.8102541,118.6413367,47.3369192,2.544945449,13.97267109,130.811017,32.57038224,237.4856184,1423.77,0.686009037,0.9378434,0.961773209,0.896715672,0.568698575,-1.494900945,0.562593478,0.445533204,0.361306886
4,13.69225605,96.5975433,128.8029297,31.78377966,12.83367666,26.59929808,126.4568551,87.12489509,370.0480659,2691.1,-0.117683147,0.348231666,0.646893946,0.382965386,0.483887917,-1.153553709,0.297656454,0.126914073,0.666483629
5,14.85389487,89.02784771,127.6690318,48.83268482,16.87939269,23.82209506,141.5709163,106.6221103,256.2540627,2869.5,0.582799664,0.254646587,0.903956361,0.495176092,0.983940432,0.331549451,0.859058469,0.630161008,0.194322889
6,6.033295186,91.50408179,126.7548638,32.25223163,16.98095674,27.40555428,123.7514305,135.8635843,411.8091096,2136.95,0.351257538,0.751680619,0.793373662,0.704390401,0.844718026,0.006231154,0.75951313,0.601594933,0.21919243
7,14.9288777,102.9617762,110.4202335,48.80865187,15.98509194,14.59484245,132.1355001,124.4522774,162.5696193,2443.2,0.537711328,0.717205201,0.929150161,0.695452517,0.873545608,-0.459852455,0.668614816,0.565975311,0.25081698
8,14.82890059,110.3843748,114.4998856,33.23224231,2.653101396,11.9079118,145.8220798,156.5929656,437.6417182,1304.81,0.593015931,0.926095897,0.923198698,0.883549707,0.817587195,0.206851527,0.743255216,0.727650596,0.114218449
9,15.8802472,83.84161135,120.7878233,25.64660105,1.267093919,1.578805219,119.5933471,94.07141222,162.3759823,2109.45,0.347934032,0.914632128,0.682010731,0.926282195,-2.3172341,-12.2782191,-0.247998934,-1.710370435,2.487821733
10,16.32697032,101.2796216,121.8832685,26.21347372,6.599450675,15.18161288,145.0179294,19.56740673,427.2928969,2791.78,0.049877543,0.375682356,0.60768944,0.43971777,0.921341377,0.773917438,0.771314906,0.562791547,0.253672486
11,10.13334859,99.68535897,129.42916,31.02845808,14.42574197,3.000595102,140.6637675,169.242237,152.3355459,2430.69,0.542236414,0.577174078,0.802376095,0.681349235,0.695159283,0.232563596,0.945713358,0.639510294,0.186294506
12,9.42200351,105.616846,129.1046006,48.42259861,12.56023499,22.20250248,121.7364767,157.1061265,272.9355306,1597.3,0.5651434,0.802823782,0.938907922,0.780627165,0.610923694,-1.617369761,0.481966986,0.36614617,0.436112764
13,16.41425193,86.3245594,129.0185397,47.93125811,1.557625696,1.02699321,150.5371176,146.5587854,176.3178454,1263.68,0.36650512,0.911451856,0.611048154,0.944206114,-2.361571311,-9.890612526,-0.239898945,-1.379838791,2.158334655
14,14.18480201,110.1847868,112.8033875,49.15159838,13.50067903,13.37306783,151.2649729,121.4805829,311.7991913,1371.74,0.423825151,0.837110516,0.908038098,0.763514976,0.542300172,-2.095554343,0.444535902,0.260538639,0.537112897
15,13.6991989,115.020676,114.9027237,32.30792706,10.39076829,8.676249332,143.0365454,112.4263371,290.3556878,2507.07,-0.05986918,0.431298771,0.67420087,0.436820831,0.441459658,-1.93345569,0.378480805,0.052705152,0.738844949
16,11.91924926,119.7167926,138.5163653,47.28885328,5.523994812,7.869550622,141.4763104,43.37865263,362.5607691,2117.3,0.490381468,0.300412552,0.855548865,0.528634348,0.659112121,-1.305365477,0.601706364,0.304347177,0.495049408
17,12.59389639,81.01991302,139.0286107,42.9797055,6.455405509,11.38265049,137.2915236,146.3732357,195.7604334,1966.6,0.661794733,0.88559103,0.843193719,0.949103463,-1.216901781,-6.649246068,0.303682827,-0.603254583,1.385916133
18,16.27658503,108.1187152,119.994049,48.27115282,5.206607156,15.68917372,159.9649042,32.37613489,185.4905013,2527.76,0.448950212,0.272773361,0.831717544,0.470688694,0.843039015,-0.17560684,0.689841347,0.483057619,0.326415124
19,11.0870985,85.0031281,135.8187228,33.55115587,3.621622034,26.48291752,126.8345159,69.45128557,428.1248188,2229.72,0.619630335,0.780064788,0.842497044,0.797566947,0.754500482,-0.513370782,0.952045278,0.60470487,0.216461921
20,13.88606088,114.5299458,139.3925383,30.41008621,5.448554208,5.699031052,136.6369116,28.38101778,156.8322271,1200.26,0.552979881,0.806252876,0.887068329,0.800734329,0.896184036,0.508557137,0.810233898,0.751715784,0.096054048
21,14.7676051,98.98405432,132.8889906,32.40024414,2.035904479,3.711711299,155.648127,130.6652934,425.8944076,1139.74,0.796650933,0.920690044,0.909216856,0.944826096,0.292844995,-1.278266193,0.787828809,0.48197022,0.327421147
22,10.1345388,118.0657664,127.4021515,41.35461967,1.297611963,28.8437171,120.3929198,58.02548257,457.9736019,1858.26,0.237417302,0.794197425,0.829497979,0.734458908,-1.083453773,-7.900377366,-0.419504233,-0.97253768,1.752806349
23,9.305363546,116.4629587,125.9958801,42.0576791,7.237399863,25.94128328,150.2067597,31.47447929,303.107042,1861.16,0.115586474,0.52802112,0.748731783,0.550307326,-0.500281035,-5.350249757,-0.109592824,-0.573925273,1.356825375
24,15.37401389,96.02990768,117.4543374,35.95559625,16.88305486,21.57059586,119.6444648,126.6498817,263.1102464,1172,0.501580213,0.93682222,0.941259513,0.874519016,0.724541967,-0.602937044,0.523507182,0.557041867,0.258840299
25,12.53220417,116.3128099,122.3726253,29.31258106,4.045700771,29.58226902,110.7591363,164.9716945,457.693904,2995.06,-0.310162772,0.611281874,0.648732945,0.516984651,-2.236496612,-10.80947623,-1.268275761,-1.835344558,2.612464771
26,15.35318532,111.5538262,129.057908,43.75486381,5.656565194,11.99552911,152.9221027,90.55466545,459.5729,1862.56,0.249225022,0.353821494,0.778409527,0.470533919,0.666843191,-1.203939062,0.551716526,0.26665866,0.531224344
27,8.318486305,95.40428779,113.6603342,33.69192035,7.839948119,15.65908293,141.1894408,120.5905241,285.0916304,2963.53,0.640582903,0.809830705,0.840541213,0.804715482,0.808889975,0.146157657,0.952488287,0.714743746,0.124277281
28,11.34497597,80.05493248,134.3167773,40.78583963,6.512291142,27.94895857,144.5326925,53.94628824,55.33058671,1513.01,0.207505182,0.89146469,0.620165956,0.920139643,-1.554943385,-10.77546734,0.148950467,-1.363169255,2.141725598
29,14.84953079,106.3639277,123.9853513,39.4243534,9.0443122,11.47823301,158.4176394,96.23132677,317.2353704,2621.58,0.166785886,0.050324683,0.687144358,0.302553182,0.876590553,0.041468821,0.715927227,0.405827816,0.398573516
30,9.712611582,85.74593729,110.2325475,27.82444495,1.283695735,2.110704204,113.2051575,147.9707027,499.2684825,1089.2,-0.161586577,0.145788895,0.424159405,0.615413552,-2.791380203,-15.30180846,-0.670601852,-2.534287891,3.309990545
31,15.61443503,118.2684062,118.6408789,47.33997101,7.454932479,13.97399863,114.1886015,32.60807202,237.2561227,1423.77,0.574281344,0.951527137,0.948259054,0.882994795,0.130608731,-3.481187446,0.232619452,0.034157581,0.756974939
32,13.89835966,116.6570535,131.3577478,47.31860838,2.966826886,10.25867094,126.6598001,32.70084688,237.4354162,1330.05,0.729133252,0.882259868,0.968507235,0.867955926,0.741399054,-0.681578367,0.670741479,0.596916921,0.22330956
33,17.95973144,105.2457465,114.5731289,40.13694972,3.541542687,12.97834745,141.3168536,133.8341344,447.2231632,1902.88,0.468586126,0.760085907,0.874430948,0.715054358,0.874997396,0.221656223,0.735616167,0.664346732,0.165272392
34,14.87472343,99.7238117,129.8310826,48.83268482,16.87939269,28.92115663,147.1793698,102.1689174,157.1119249,2845.09,0.196598011,-0.118317941,0.791847889,0.226711934,0.578345804,-1.637350617,0.348511404,0.055192355,0.736414987
35,14.82870222,89.02357519,127.6690318,48.83230335,2.882352941,23.48976883,153.2898451,102.1689174,254.4037537,2129.26,0.864871621,0.678186729,0.961798317,0.797319969,0.745341817,0.156245679,0.966473373,0.738605358,0.105848787
36,14.18281834,93.4804303,128.9306477,31.50301366,12.79143969,26.57584497,127.1396963,27.8736553,370.1054398,2659.82,0.258908468,0.569153671,0.739552213,0.583305061,0.856556978,0.442963504,0.715208736,0.595092662,0.224918242
37,13.61985199,83.84161135,120.7159533,25.91554131,8.732784009,2.302311742,119.5712215,94.07141222,162.3759823,2109.45,0.46926277,0.933580478,0.742766521,0.933034497,-1.501588682,-8.707257586,0.180309927,-0.992841725,1.773004723
38,15.65014115,98.84184024,114.2728313,35.02174411,16.76757458,1.578805219,150.4066529,16.88273442,118.3128099,2124.93,0.758775754,0.886446436,0.882726133,0.904190471,0.21558673,-1.655083703,0.784659967,0.396757398,0.407130201
39,17.36641489,117.3369955,124.5799954,26.54268711,16.12449836,14.60679026,132.1400778,180.5491722,367.2797742,2443.2,-1.700557565,-0.312175125,0.240596075,-0.24464818,-2.064589214,-12.30046022,-1.637265949,-2.574157168,3.349795773
40,11.2162356,99.6505684,129.4259556,30.98306249,14.44136721,4.444953079,140.4692149,168.4159609,142.6608682,2385.73,0.475148935,0.514223457,0.787756765,0.623930694,0.822287063,0.622601489,0.967405835,0.687622034,0.146030802
41,6.673029679,101.376669,124.2279698,48.78767071,6.598962387,15.36569772,123.1296254,19.63408865,455.0618753,2787.87,0.876644525,0.949061599,0.835410502,0.9621594,0.805073703,0.498657751,0.945622201,0.838947097,0.039112658
42,9.42200351,107.4937057,132.3859007,48.42259861,12.56023499,19.67133593,121.7242695,153.3922332,372.1565576,1597.3,0.499172972,0.73926472,0.915066833,0.729588986,0.550580588,-2.029476083,0.437037895,0.263033702,0.534711744
43,14.18400855,86.3245594,135.9826047,39.56893263,1.559090562,8.220462348,149.1454948,146.1992828,219.0829328,1387.03,0.649806748,0.936291085,0.838273386,0.964873955,-1.094579703,-6.508992147,0.279068531,-0.562179735,1.345177899
44,6.257053483,119.815671,111.8837263,44.60135805,12.50334936,10.37106889,151.3038834,118.2073701,354.4065003,1263.68,0.674994,0.923338171,0.963122673,0.91623009,0.487658148,-2.096168954,0.555556822,0.346390136,0.454896376
45,15.31529717,110.1853971,112.349279,47.70885786,13.62568093,13.36200504,150.7248035,115.5458915,277.8338293,1628.24,0.248997155,0.701172186,0.853498624,0.639178301,0.465196506,-2.551629789,0.346200158,0.100373306,0.692328744
46,16.27638666,108.4342718,119.994049,48.2745861,5.089417868,15.68917372,156.910811,186.7505913,184.780499,2528.4,0.315252228,0.202997736,0.799495443,0.395869021,0.769929776,-0.703890911,0.600622222,0.340039359,0.460946601
47,16.27817197,109.3815518,119.994049,48.22117952,6.046463722,15.68917372,158.4016175,91.76073854,185.4905013,1378.24,0.507021842,0.771917062,0.919864613,0.740830812,0.715886179,-0.952534204,0.579603752,0.468941437,0.339499475
48,17.56874952,119.7149615,137.7193866,47.34035248,8.475944152,7.869550622,141.4763104,173.9969482,402.4715038,2023.91,-0.365330307,-0.236935029,0.621689117,0.064294046,-0.048938001,-5.913201954,-0.056000408,-0.847774648,1.628744015
49,13.78608377,114.5134661,139.6562142,25.93728542,5.44586862,10.80074769,137.269398,86.5537499,362.4962234,2799.74,-0.334394377,-0.164846745,0.479835687,0.135049758,0.4291836,-1.444995242,0.375571087,-0.074942319,0.863909982
50,13.9884184,94.37705043,139.201648,30.41008621,5.448554208,5.699473564,138.2032502,181.4595254,156.5238422,1174.87,0.753042006,0.912747932,0.895615817,0.925317773,0.227383979,-1.519297399,0.808584727,0.429056405,0.37673215
51,13.87653925,94.84458686,110.5644312,32.08247501,7.448584726,5.699473564,136.6796368,28.38101778,160.2746624,1201.33,0.737011084,0.798929709,0.864620295,0.952466443,0.179278641,-2.303980126,0.762573753,0.284414257,0.514162314
52,15.37401389,96.04089418,116.9855802,36.31914244,16.92602426,21.57059586,119.6444648,83.62844282,266.7821775,1672.01,0.457470517,0.882983953,0.903704698,0.806484241,0.790822138,-0.276423803,0.591216554,0.593751186,0.2261023
53,7.625787747,97.27992676,117.4575418,39.04707408,9.117067216,9.333821622,119.6444648,83.40810254,262.7301442,1171.88,0.775056466,0.810969471,0.872334866,0.956764146,0.452661029,-0.94724192,0.836860796,0.536772122,0.277164955
54,10.13612573,111.9426261,127.395285,41.46448463,16.70238804,23.90661479,121.481651,58.02548257,457.8086519,1829.18,0.184121108,0.711218535,0.816791643,0.660031728,-0.521601461,-5.727109243,-0.213141907,-0.584241371,1.367056553
55,15.34029145,81.26039521,130.3488212,29.31258106,4.046189059,29.1291371,159.1973754,140.0877394,466.9956512,1887.22,0.2469757,0.487623706,0.676033495,0.538111338,0.907820397,0.221286873,0.94593957,0.574827297,0.242901191
56,16.96591135,103.6856641,122.3707942,44.49912261,5.59406424,18.79250782,152.9221027,24.43228809,457.7010758,2994.72,0.221040115,0.066662342,0.713122738,0.317675633,0.779763544,-0.451079314,0.608209499,0.322199222,0.477971863
57,8.318486305,95.40428779,113.6342412,35.05607691,8.168078126,15.6577554,139.7482261,120.5905241,288.7635615,2958.28,0.670828585,0.82192464,0.861163925,0.818743183,0.808718345,0.192851018,0.952828224,0.732436846,0.110541869
58,17.90855268,85.8142977,110.2325475,25.0904097,2.658716716,14.38907454,113.2051575,151.3134966,271.6087587,1410.62,0.751908637,0.896520456,0.89449585,0.975921141,0.428387652,-1.673444563,0.914044209,0.455404769,0.352094423
59,8.412909133,106.3633173,123.9853513,42.16754406,9.020874342,11.47823301,145.9174487,96.23132677,271.5370413,2563.13,0.699043033,0.606660901,0.891690866,0.71046526,0.980519159,0.920024754,0.934839032,0.820463286,0.049722303
60,14.86163119,106.3608759,118.5145342,47.23697261,9.205691615,11.47823301,150.6454566,96.32700084,287.8599222,2621.58,0.477078829,0.361753626,0.848865248,0.51242245,0.904320153,0.099174966,0.757559412,0.565882098,0.25090052
61,13.9005417,115.8434424,133.4685283,47.33997101,7.454932479,12.1548333,113.6156252,32.94148165,237.2489509,1329.84,0.683520376,0.890529007,0.965608563,0.863592698,0.580150192,-1.524425698,0.522776529,0.425964524,0.379633159
62,15.61443503,116.7321279,118.5918975,47.32280461,2.962432288,10.25911345,126.7093919,32.60517281,237.2561227,1388.68,0.708483067,0.946651309,0.968149729,0.902642611,0.673204088,-0.994728593,0.617127251,0.54593278,0.268863527
63,17.63302052,105.2457465,114.221561,40.13656825,3.541542687,10.7972076,141.3168536,123.6665904,447.2159915,1887.25,0.581548679,0.802650558,0.906529541,0.764790734,0.92717739,0.624190974,0.820999199,0.775412439,0.079041787
64,14.82632181,89.02540627,122.2783246,38.43099107,12.88250553,28.81362631,147.3746853,60.23468376,246.5578698,2245.75,0.402856203,0.538539666,0.813086555,0.593557377,0.933778003,0.243983435,0.816975235,0.620396639,0.202768556
65,17.87542535,95.27550164,129.7798123,44.96681163,2.882352941,23.48976883,153.2898451,104.7666133,156.7031357,2845.09,0.622488448,0.182384694,0.870661152,0.48262205,0.977506033,0.862942984,0.923171782,0.703111021,0.13351121
66,14.87472343,99.71404593,121.1041428,48.83268482,15.4333257,28.38261997,147.1793698,102.1689174,149.7608911,2844.88,0.318631487,0.178873347,0.838621143,0.383528789,0.671716765,-1.188742718,0.449473339,0.236014593,0.560746066
67,15.64002441,96.15686275,113.5600824,28.93530175,1.343755245,11.84065003,145.8579385,148.408484,441.0482948,1875.07,0.656739198,0.889848658,0.866833322,0.859856861,0.789494235,0.203353567,0.94686802,0.744713409,0.101254126
68,13.85888457,90.38406958,114.2728313,35.02059968,16.73266194,7.669535363,144.5998322,16.88273442,55.76806287,2695.19,0.600167614,0.909883987,0.808173102,0.916040383,-0.421117387,-4.996709694,0.558717471,-0.232120646,1.018644349
69,15.65014115,98.8424506,113.2291142,34.9984741,16.76781872,14.26782635,150.4066529,16.88273442,59.18181125,2124.9,0.694889034,0.839365106,0.876408691,0.843638474,0.8186079,0.052401909,0.978345697,0.72909383,0.113106663
70,10.8099794,99.4119173,129.4364843,30.98306249,14.49776455,19.67133593,148.2383459,175.3682765,377.6644541,2385.73,-0.277457463,0.048447967,0.523561291,0.198668474,0.712937644,-0.527970189,0.512822717,0.170144349,0.624481087
71,13.6876936,107.4869917,132.4380865,48.12962539,8.558709087,1.180987259,140.8476387,166.1893645,137.1529717,1594.09,0.892604321,0.775691477,0.986617654,0.840403326,0.768017719,0.901430302,0.91581976,0.868654937,0.024211556
72,6.627603571,103.7112993,124.2279698,48.78767071,6.598962387,15.36392767,128.6022736,19.62539101,486.1943999,2774.65,0.890658833,0.903843953,0.80388264,0.933246784,0.905932078,0.829756194,0.963804833,0.890160759,0.01534694
73,8.815991455,86.3245594,134.6445411,47.70885786,13.62592508,13.36200504,150.5424582,146.2079805,219.0542458,1237.95,0.814237994,0.922871808,0.907600639,0.964918356,-0.010956994,-2.239079282,0.764721342,0.303473409,0.495886267
74,7.649790188,110.2061494,112.453193,33.12352178,1.535652705,8.220019837,149.2072938,68.47714961,281.541619,1746.75,0.742537466,0.916710825,0.886619411,0.921218138,0.92162534,0.735941579,0.94774174,0.867484928,0.024742831
75,6.174532692,119.5599298,111.8823529,49.14892805,12.59710079,6.746013581,118.6923018,118.1986725,354.4853895,1263.68,0.900905569,0.941438144,0.989917416,0.99381386,0.79283979,-0.621771721,0.765180608,0.680331952,0.152005082
76,13.23125048,109.4468605,115.4744793,47.87289235,6.046463722,15.7033341,157.0344091,35.11009384,109.4126802,1469.4,0.794811664,0.885366063,0.97593542,0.889614674,0.942593223,0.490157513,0.846481413,0.832137138,0.042911854
77,16.27519646,108.1138323,120.1606775,47.09925994,5.190981918,15.91396963,149.0989548,91.73754482,182.9086748,2512.14,0.383007205,0.353675316,0.830318294,0.487622914,0.789570715,-0.551634352,0.620934488,0.416213511,0.388794935
78,6.703974975,117.8161288,130.005951,48.2745861,5.089662013,22.03302052,156.9123369,186.7186999,187.3264668,2502.86,0.394146382,0.192852725,0.801949183,0.45506266,0.322737166,-2.45886498,0.384058063,0.013134457,0.777543691
79,14.07966735,105.1523613,110.8299382,32.08247501,7.448584726,5.699031052,137.2663462,87.44670787,362.3814755,1236.18,0.782080411,0.929918308,0.954277133,0.959169395,0.951666456,0.906322514,0.952105235,0.919362779,0.006310756
80,13.67638666,114.511635,110.3442435,36.56252384,5.054016938,10.68392462,136.4454108,27.98382544,134.8364996,2825.28,0.497096161,0.753642004,0.851806484,0.728149025,0.78600662,-0.090208689,0.7108482,0.605334258,0.21590997
81,13.87653925,94.84458686,110.5644312,32.08934157,7.551125353,5.532646677,136.6651408,194.6335546,160.2746624,1205.23,0.829326534,0.895811782,0.92334222,0.980086616,0.363741429,-1.045597451,0.845608157,0.541759898,0.272641074
82,15.34485389,96.35339895,137.6049439,41.46562905,16.70214389,23.92829786,125.3551537,126.490425,292.5932708,1672.01,0.114890147,0.409599705,0.807650106,0.466467222,0.619084834,-1.600810785,0.339709228,0.165227208,0.629252221
83,10.37416648,111.9426261,116.9855802,35.53788052,1.925551232,21.64095521,148.518349,56.97306783,457.8086519,1835.03,0.3381109,0.769323886,0.799463089,0.721758406,0.359570492,-1.639548195,0.461928871,0.258658207,0.538922964
84,7.655344472,96.47241932,117.5422293,35.95292592,9.109498741,9.277180133,119.6444648,85.02876326,262.7301442,1078.1,0.736776621,0.759120671,0.853219629,0.941108055,0.419821285,-1.228675557,0.823156126,0.472075261,0.336590202
85,12.53418784,103.6783398,122.0041199,44.51743343,5.59406424,18.79250782,152.6253147,89.38338293,456.0157168,2994.72,0.417575009,0.225627203,0.778347876,0.446351826,0.882987181,0.137146185,0.740810367,0.518406521,0.293899454
86,8.32106508,104.5957122,113.7262531,27.45098039,8.175646601,15.6577554,139.8458839,178.8647288,288.7635615,2916.75,0.298781678,0.677472924,0.715987413,0.640622725,0.917691609,0.700104487,0.824490935,0.682164539,0.150498577
87,14.81858549,95.40428779,123.2437629,35.25444419,8.142931258,15.65819791,130.2632181,120.683299,285.2063783,2958.28,0.488966766,0.572279493,0.829346307,0.633368199,0.970815066,0.901223714,0.921368429,0.759623996,0.090272394
88,8.412909133,106.3517205,123.983978,32.79240101,16.72924392,11.47823301,124.0825513,97.44029908,271.5370413,2565.79,0.449929268,0.728285296,0.830766932,0.710601381,0.90505286,0.441516242,0.804743417,0.695842199,0.139356007
89,16.2888838,86.06332494,110.2325475,25.07820249,2.908964675,14.57315938,156.1738003,151.0902571,271.6159304,1417.49,0.618447661,0.887450536,0.848167055,0.910024899,0.370709339,-2.001804502,0.88430966,0.35961495,0.442316051
90,6.817441062,108.5490196,118.5145342,40.8003357,9.020874342,8.758113985,145.7442588,18.76722362,272.2327001,2561.67,0.787290844,0.861706461,0.72588121,0.884413472,0.887789315,0.680555349,0.958687168,0.826617688,0.046086341
91,15.66303502,83.26787213,131.4081025,47.32318608,7.03744564,10.76888685,126.7093919,31.93835355,119.8188754,1111.3,0.633866635,0.906088449,0.751880552,0.970744814,-0.940067363,-5.714152724,0.432423003,-0.422745233,1.207032084
92,16.23274586,116.7321279,118.5918975,46.4274815,2.962432288,6.240665293,126.707866,28.95506218,237.2561227,2578.09,0.64277171,0.729984768,0.930179016,0.748919203,0.802107139,-0.360300926,0.709749545,0.600487208,0.220166281
93,17.75779355,113.9732967,114.2192721,40.13656825,3.536415656,12.95445182,141.3145647,180.0737011,448.141146,1925.34,0.11617272,0.656426945,0.778221772,0.593913197,0.33216183,-2.558500153,0.307622625,0.032288419,0.758802904
94,16.49974823,95.27367056,130.0421149,36.58121614,11.06875715,25.30981918,141.7105364,104.7666133,167.6687266,2752.8,0.071315309,0.079306982,0.695925738,0.291959222,0.866220806,0.086109952,0.642724774,0.390508969,0.413033323
95,17.26524758,88.45899138,122.0956741,44.96986343,3.875288014,28.86451514,146.5934234,149.7653162,47.52056153,1999.65,0.840765984,0.887413762,0.909487268,0.933510765,0.018963447,-2.457810589,0.800114632,0.27606361,0.522182604
96,14.85151446,88.78675517,122.2783246,38.43099107,12.93011368,29.37428855,147.3746853,60.04913405,246.4933242,2004.26,0.430901477,0.61729822,0.835602427,0.642589083,0.92826991,0.205431729,0.810429813,0.638646094,0.187034121
97,15.89076066,99.28252079,111.223621,36.90699626,16.76806287,14.3532311,159.5353628,98.52460517,470.8325322,1882.7,0.135530015,0.55613892,0.754857777,0.534601251,0.858861397,-0.114913767,0.653489122,0.482652102,0.326790256
98,15.64061952,96.03051804,113.5875486,46.45532921,1.531013962,11.83356985,145.6267643,148.408484,433.697261,2000.17,0.92170982,0.920353388,0.980926263,0.925416548,0.584135641,0.15479414,0.893385737,0.768674505,0.083781527
99,14.04217594,90.38712139,110.5227741,35.02059968,16.39256886,7.562890059,145.5764096,14.93736172,253.9089036,1304.81,0.7013367,0.818991936,0.852840811,0.948740895,-0.224041878,-3.922129453,0.613682406,-0.030082655,0.819884952
100,7.436743725,103.7131304,124.2485695,49.6177615,12.53655299,1.135851072,128.5534447,21.15327687,485.2764172,2743.19,0.628930794,0.968757416,0.780290293,0.977736296,-0.112647903,-2.590517521,0.592172906,0.177817469,0.617039266
101,6.63494316,103.4573892,125.8100252,43.98603799,6.598962387,13.82354467,128.7251087,160.6779583,488.1092546,2774.65,0.845888659,0.807127055,0.953925555,0.854271136,0.931213404,0.937174531,0.95089889,0.897214176,0.012832742
102,6.673228046,103.7106889,111.1023117,48.67475395,7.400976577,12.19200427,127.0389868,19.29777981,278.8091859,2212.15,0.845033643,0.962244872,0.89496926,0.984509683,0.738916177,0.246571113,0.925482962,0.799675387,0.062698446
103,11.95039292,80.83863584,123.1316091,48.50766766,11.40299077,24.25398642,118.6923018,118.1290913,293.4395361,1255.8,0.872562796,0.947527113,0.925138206,0.991796795,0.46312749,-1.182718,0.933120875,0.564365039,0.252260679
104,6.186633097,119.5812924,111.8823529,49.15007248,9.394171054,7.045593957,118.7144274,118.1493858,170.8960098,1310.64,0.927750346,0.93338051,0.986034614,0.996494384,0.875344515,-0.070470156,0.835070132,0.783372049,0.073550712
105,7.225085832,110.2140841,112.453193,35.62829023,16.4643473,8.216037232,149.2111086,141.5692378,307.2092775,2253.25,0.41966828,0.674159689,0.814395289,0.66674005,0.896249099,0.208787866,0.800237935,0.64003403,0.185846526
106,16.27579156,111.9029526,122.343328,47.09925994,4.80889601,28.54502174,149.8069734,91.74044404,182.9086748,1487.86,0.160088816,0.652085982,0.836611938,0.614465322,-0.234852087,-4.623463715,-0.130206617,-0.389324337,1.173958752
107,16.28451972,108.1089494,119.4062715,47.09925994,5.191226062,15.90733196,149.2217899,23.26100557,182.9445335,2512.14,0.511003246,0.465440289,0.865964309,0.578779609,0.851154257,-0.057792432,0.707575386,0.560303524,0.255907011
108,6.722819867,117.8161288,130.005951,39.87602045,1.160158694,21.65024796,156.863508,186.5679408,49.2059205,2995.06,0.675991154,0.434753146,0.099373249,0.652983932,0.941445623,0.792416525,0.918395189,0.64505126,0.181564783
109,9.123460746,92.6521706,110.8281071,32.08934157,7.55039292,3.717021439,133.3325704,157.8686198,159.5072862,1207.19,0.603172554,0.726077772,0.789741576,0.916122586,-0.571330079,-4.960508309,0.435265694,-0.29449403,1.080212932
110,12.35307851,94.8439765,110.5644312,32.08934157,7.558449683,3.606836042,139.594873,194.6364538,160.2818341,1169.74,0.792727598,0.844956111,0.888032279,0.970209832,0.041571378,-2.244290746,0.718007404,0.287316265,0.511376892
111,14.07966735,104.5127031,124.1670863,38.3417258,7.448584726,10.80074769,132.7252613,25.10200656,362.4603647,1236.09,0.814053753,0.943433602,0.968894876,0.942442249,0.976567559,0.95158072,0.930376668,0.93247849,0.003489223
112,15.34485389,93.9516289,117.0180819,37.1965362,16.07420462,20.29616236,119.983978,81.83093004,262.9094377,1702.89,0.56853082,0.900795547,0.924529835,0.839153308,0.937644312,0.300434589,0.761703536,0.747541707,0.099144935
113,7.42246128,93.54268711,121.2039368,35.97085527,12.88885328,9.61747158,121.2077516,85.02006561,265.9717708,2953.15,0.693634557,0.941946252,0.870084614,0.924235322,0.333154001,-1.636997713,0.820524724,0.420940251,0.384351442
114,7.642648966,96.70679789,128.792401,32.79697871,9.109498741,9.282932784,119.6932937,101.2411688,263.1389334,2124.99,0.691377302,0.931708486,0.87022644,0.916138787,0.514848866,-0.88167082,0.859825741,0.557493543,0.258433831
115,16.03973449,100.4043641,123.2437629,35.44861524,8.295277333,15.65819791,127.2365911,178.8647288,288.5125505,2958.28,0.237952232,0.436982454,0.7768713,0.500196551,0.906560239,0.261621591,0.710575931,0.547251471,0.267671165
116,8.324238956,100.5331502,113.7262531,27.23620966,7.823834592,15.66085298,139.8458839,120.683299,285.6438544,2083.48,0.46863845,0.85274254,0.795947635,0.796970768,0.975682948,0.799345304,0.935926215,0.803607694,0.0601661
117,14.81977569,99.59502556,123.0148775,27.24002441,7.10702678,1.167269398,130.2624552,120.683299,285.4143587,2919.22,0.594023068,0.743426892,0.817796394,0.776525502,0.50070576,-0.419379186,0.896860677,0.558565587,0.257469427
118,6.437170977,108.5410849,118.5145342,40.8003357,9.021118486,8.194354162,145.8381018,18.67154955,257.7672999,2298.02,0.783752349,0.898449369,0.792666861,0.907009761,0.850363315,0.543353444,0.948475068,0.817724309,0.051372007
119,6.817441062,111.4512856,123.9853513,40.8003357,9.104127565,8.732890822,145.7442588,25.16578927,270.6190585,2944.46,0.760520104,0.693655602,0.601483491,0.784926258,0.976569616,0.962365261,0.965826187,0.820763788,0.049542475
120,6.626810101,108.4898146,116.4852369,40.74273289,9.021850919,8.648371099,149.6505684,18.76722362,316.5181964,1438.15,0.811762087,0.902559647,0.916555704,0.952913827,0.877304954,0.626601491,0.954224213,0.863131703,0.026761621
121,11.12578012,105.2231632,114.2192721,34.86343175,6.04133669,7.145159075,140.5355917,133.8341344,447.1084154,1112.31,0.857287597,0.908121726,0.960172117,0.979966424,0.907858635,0.820155578,0.950523338,0.912012202,0.008236848
122,17.63698787,105.5551995,135.6672007,40.13656825,3.541786831,10.68746471,148.2139315,32.89509422,447.2159915,1512.25,0.538682507,0.590632729,0.880694552,0.659295303,0.932115853,0.624294083,0.820550406,0.720895062,0.119457775
123,15.66303502,83.26787213,131.4058137,47.32318608,7.039398795,10.26221103,128.0643931,31.93835355,119.8188754,1111.3,0.625622319,0.906430399,0.74881607,0.969961503,-1.002469055,-5.892717558,0.406106467,-0.462607122,1.246500317
124,17.26524758,88.46875715,122.0947585,48.87579156,3.624551766,28.86495766,149.1325246,155.2390326,47.60662242,1999.62,0.842304796,0.892401668,0.8930936,0.94518353,-0.055503291,-2.551053141,0.778111225,0.24921977,0.548013463
125,17.92263676,88.45532921,122.1034562,42.57610437,3.937056535,28.81097124,146.5926604,150.7858396,47.58510719,1999.65,0.842059092,0.867080323,0.91891955,0.912829085,0.118056515,-2.145359944,0.836284944,0.335695652,0.465087968
126,14.85151446,111.2132448,122.2783246,38.44892042,12.93011368,29.37650111,147.3746853,54.94941634,283.5066758,2019.7,-0.58185928,0.227630999,0.550647951,0.236319703,-1.327357075,-8.283951596,-0.890264019,-1.438404759,2.216694744
127,15.89452964,99.28252079,138.6459144,36.90775921,16.23216602,8.936888685,145.5756466,14.93736172,224.5334554,1304.78,0.778385676,0.829487057,0.932539602,0.860938294,0.806936459,0.474931606,0.956890785,0.805729926,0.058813943
128,14.04217594,94.60593576,110.648661,35.02059968,15.60764477,2.146547646,154.2153048,98.52460517,470.8325322,1882.67,0.729917904,0.853307866,0.896813274,0.870131836,0.382544917,-0.775413127,0.884899825,0.548886071,0.266194103
129,15.89076066,99.28679332,111.5884642,37.29343099,15.23190661,8.830243381,110.4646372,98.50141146,470.8325322,1868.02,0.737882737,0.967620143,0.966821607,0.913652723,0.979885678,0.845655104,0.899020074,0.901505438,0.011403654
130,7.020370794,106.8552682,125.8159762,43.9532311,6.598962387,9.85819791,122.5238422,169.648127,488.1092546,2774.56,0.874007835,0.856332315,0.964886389,0.888539126,0.916003443,0.942365286,0.944925376,0.91243711,0.008118923
131,6.633951324,104.0427253,125.5962463,45.07705806,6.596032654,13.82354467,128.7197681,191.8155184,487.628748,2775.14,0.853703061,0.798888541,0.959934151,0.851733305,0.938706297,0.957682732,0.946027235,0.900953617,0.011583088
132,7.436743725,96.83802548,124.2481117,25.38261997,12.53655299,4.474601358,125.8312352,21.15037766,481.6833753,2631.83,0.374949815,0.935954268,0.568433499,0.882102059,-0.09372251,-4.35741694,0.561327639,-0.161196024,0.948740373
133,7.596429389,80.72327764,111.8681621,48.74914168,1.441901274,8.166475929,112.980087,68.78736553,364.5831998,1754.56,-0.469786153,0.482640132,0.217381865,0.669329297,-3.603051118,-16.91442278,-0.982314068,-2.942888975,3.717996954
134,11.91548028,92.2932784,112.4499886,35.86099031,11.34708171,24.25398642,116.9329366,118.1290913,293.0164034,1255.8,0.742780236,0.92748584,0.952590617,0.967100898,0.957139387,0.350157326,0.861051677,0.82261514,0.048439725
135,11.94464027,80.83558404,124.0540169,48.50728618,11.40299077,23.05876249,119.4956893,120.074464,293.0092317,1369.91,0.869754234,0.959167157,0.929546474,0.987589049,0.385397105,-1.333751326,0.914565257,0.530323993,0.283026905
136,6.722819867,102.1841764,131.2510872,39.85465782,1.160158694,16.59986267,156.863508,186.57084,49.2059205,2944.27,0.590487901,0.730272197,0.392830096,0.846524701,0.31332356,-2.085118865,0.775573838,0.223413347,0.57291114
137,6.628595407,82.03494316,129.9844358,38.24902724,1.285160601,21.65024796,156.8688487,186.7158007,41.76882582,2995.06,-0.627287924,0.887968767,0.277765247,0.819045571,-3.109503038,-18.10907177,-0.742768405,-2.943407365,3.718514668
138,13.22391089,81.89578088,122.9691005,40.4009308,4.940733959,2.738185702,149.4621195,91.74044404,200.2140841,1487.86,0.255341068,0.88456198,0.636831785,0.926622369,-2.785985632,-12.50860406,-0.424627827,-1.859408616,2.636468424
139,12.27135119,105.1560235,110.8413825,33.5351339,8.441519799,12.90002289,136.6659037,194.6364538,252.2163729,1169.74,0.701988691,0.941441377,0.958999796,0.947451091,0.930222564,0.576328095,0.83185969,0.841184472,0.037893758
140,9.001464866,97.65224689,110.0064088,32.08285649,7.55039292,5.532204166,133.3218891,157.8483253,159.5072862,1164.19,0.741722861,0.769115161,0.862614893,0.94611478,0.268458971,-1.744083445,0.764071099,0.372573474,0.430014645
141,8.920332647,104.471809,124.1670863,35.87701228,7.292332341,10.7441062,132.7252613,88.9282063,362.4603647,1234.56,0.80557485,0.940988986,0.946967877,0.953995572,0.956776229,0.901987,0.95529963,0.923084306,0.00542902
142,9.267673762,96.57434958,136.2046235,32.79659724,9.386602579,10.78747234,119.718471,99.85244526,263.1604486,2124.99,0.678024828,0.834580062,0.871710364,0.847380832,0.713969486,-0.069410784,0.937125378,0.687625738,0.146027779
143,15.17088579,106.0239567,116.548867,37.11985962,16.07811093,6.625650416,120.0350958,44.99931334,262.9094377,1797.1,0.740407424,0.938012632,0.954212837,0.899522702,0.979242869,0.871973536,0.900101313,0.897639045,0.012687818
144,15.34485389,96.05127031,117.9816892,37.19768063,16.11351186,20.66477455,123.1090257,84.06622416,252.4673838,1702.89,0.475842589,0.85877527,0.905356909,0.790320136,0.857740725,-0.048437335,0.65745061,0.642435558,0.18379482
145,8.37878996,109.5176623,113.7262531,27.15800717,7.515968566,29.72874037,127.2846571,178.3660639,479.3597314,2083.48,-0.084109921,0.795223905,0.69459525,0.653683294,-0.976492335,-5.714152044,-0.432924833,-0.723453812,1.505223098
146,16.09051652,100.4013123,111.6420233,35.4009308,1.823987182,15.79227893,135.9342336,196.6775006,406.2653544,2955.35,0.558256313,0.742257277,0.850244854,0.726989772,0.973719996,0.924453048,0.885195081,0.808730906,0.056919678
147,14.81838712,90.40482185,126.9851225,35.34561685,7.10702678,1.285420005,130.2624552,122.158999,479.5677119,2919.22,0.748049278,0.842169979,0.870116602,0.904418064,-0.706457264,-4.198226899,0.471563278,-0.152623852,0.940300097
148,6.457206073,108.6466773,118.5145342,40.7286183,9.019165332,8.220462348,145.6427863,143.9176013,256.8493172,2295.74,0.768895234,0.791775077,0.919211607,0.824620113,0.955527971,0.961599429,0.950389386,0.881716974,0.018618144
149,16.37219806,108.4635691,111.0354772,40.73662928,9.021606775,9.663935302,120.5004959,17.55825132,318.1318379,1438.15,0.833860598,0.968019489,0.984446333,0.9685855,0.945779361,0.699818957,0.862842724,0.894764709,0.013682823
